,,,,,,,,,,Number
Data Series,2020,2019,2018,2017,2016,2015,2014,2013,2012,2011
Residents,4044210,4026209,3994283,3965796,3933559,3902690,3870739,3844751,3818205,3789251
  Total HDB Dwellings,3152410,3154524,3149249,3156575,3162636,3162357,3154691,3147634,3136924,3120823
    HDB 1- And 2-Room Flats,177358,173771,170955,168052,163847,159792,151720,143445,132214,122473
    HDB 3-Room Flats,575200,580233,584821,590806,599416,604579,609833,612096,621569,629207
    HDB 4-Room Flats,1338374,1337743,1331440,1330160,1325542,1320285,1311754,1303959,1294678,1283524
    HDB 5-Room And Executive Flats,1061478,1062777,1062033,1067557,1070978,1074735,1077664,1081223,1080226,1077235
  Condominiums & Other Apartments,607937,587860,562228,525584,484544,452998,425994,407454,393721,383257
  Landed Properties,248860,249077,248240,249408,250745,251082,252814,251347,249548,247556
  Other Types Of Dwelling,35003,34748,34566,34229,35634,36253,37240,38316,38012,37615
0-4 Years,183076,185355,185528,187653,187160,183575,181369,183295,186673,188249
  Total HDB Dwellings,144145,146195,147012,150516,152004,150367,149709,152005,155549,157545
    HDB 1- And 2-Room Flats,7979,7828,7907,7965,7752,7603,7412,7219,6571,5878
    HDB 3-Room Flats,18996,19909,20485,21322,22121,22114,22289,22558,23932,25342
    HDB 4-Room Flats,70909,71963,71569,72324,71559,69042,66544,65697,65424,64479
    HDB 5-Room And Executive Flats,46261,46495,47051,48905,50492,51520,53355,56342,59407,61618
  Condominiums & Other Apartments,30611,30803,29965,28214,25800,23679,22001,21407,21235,21015
  Landed Properties,7779,7777,7851,8163,8533,8659,8825,8977,8929,8803
  Other Types Of Dwelling,541,580,700,760,823,870,834,906,960,886
5-9 Years,198737,197775,199066,200575,201509,204452,205790,205704,206324,208119
  Total HDB Dwellings,145497,146167,149151,153419,156968,161556,164076,164968,166489,168973
    HDB 1- And 2-Room Flats,7197,7182,7464,7796,7903,8094,7872,7293,6389,5537
    HDB 3-Room Flats,19798,20492,21381,22382,23365,24386,25109,25516,26269,26714
    HDB 4-Room Flats,65611,64809,64916,65432,65392,66107,66306,65762,66002,66947
    HDB 5-Room And Executive Flats,52891,53684,55390,57809,60200,62850,64651,66181,67589,69509
  Condominiums & Other Apartments,41916,40229,38410,35460,32461,30617,29080,28054,27063,26440
  Landed Properties,10555,10570,10660,10791,11080,11241,11606,11588,11600,11519
  Other Types Of Dwelling,769,809,845,905,1000,1038,1028,1094,1172,1187
10-14 Years,206393,207926,206530,206253,207495,214388,220796,226244,233320,240536
  Total HDB Dwellings,150676,153260,154403,157104,160924,168505,175901,181834,188562,195124
    HDB 1- And 2-Room Flats,7742,7890,7951,8018,7992,7910,7748,7261,6387,5675
    HDB 3-Room Flats,21835,22690,23112,23589,24091,25258,26342,26953,27971,28965
    HDB 4-Room Flats,61226,61676,61504,61955,63307,66587,70030,72883,76266,79655
    HDB 5-Room And Executive Flats,59873,61004,61836,63542,65409,68612,71612,74405,77508,80366
  Condominiums & Other Apartments,41933,40703,38371,35337,32373,30914,29532,28691,28456,28560
  Landed Properties,12991,13191,12960,12964,13264,13915,14311,14558,15076,15545
  Other Types Of Dwelling,793,772,796,848,934,1054,1052,1161,1226,1307
15-19 Years,215234,222222,226520,232973,239771,242902,247337,255066,258861,260738
  Total HDB Dwellings,161230,168968,174718,182255,190208,194575,199244,206288,209863,211810
    HDB 1- And 2-Room Flats,8307,8674,8924,9237,9245,9086,8595,8025,7187,6549
    HDB 3-Room Flats,23346,24481,25288,26141,27316,27778,28298,29039,30019,30569
    HDB 4-Room Flats,63888,67299,69826,73143,76821,79285,81794,85462,87912,89612
    HDB 5-Room And Executive Flats,65689,68514,70680,73734,76659,78237,80322,83210,84036,84280
  Condominiums & Other Apartments,38096,37003,35440,33757,31848,30192,29165,28802,28551,27992
  Landed Properties,15006,15282,15466,16087,16738,17112,17759,18606,19015,19509
  Other Types Of Dwelling,902,969,896,874,977,1023,1169,1370,1432,1427
20-24 Years,244537,249079,255516,259072,260854,264127,263918,266889,264506,255069
  Total HDB Dwellings,192423,197454,203941,208219,211026,215017,216055,219254,218221,211443
    HDB 1- And 2-Room Flats,9929,9939,10299,10523,10218,10033,9581,8974,8071,7081
    HDB 3-Room Flats,27456,27918,28619,29373,30481,31694,32658,33620,34252,34270
    HDB 4-Room Flats,78951,81519,84571,86804,88330,90525,91746,93938,94145,92261
    HDB 5-Room And Executive Flats,76087,78078,80452,81519,81762,82515,81744,82014,80895,77032
  Condominiums & Other Apartments,33817,32712,32063,30866,29040,27421,25721,24705,23409,21898
  Landed Properties,17045,17615,18339,18851,19369,20045,20198,20678,20745,19909
  Other Types Of Dwelling,1252,1298,1173,1136,1419,1644,1944,2252,2131,1819
25-29 Years,286997,288194,291631,290198,279988,271030,265659,255615,254582,262606
  Total HDB Dwellings,232921,234747,238548,238980,232715,227079,223675,217281,217667,225138
    HDB 1- And 2-Room Flats,9918,9824,9746,9795,9361,9007,8676,8112,7381,6851
    HDB 3-Room Flats,35219,36181,37536,38372,38610,38757,39346,38954,40963,44114
    HDB 4-Room Flats,103465,105008,107056,107387,104673,103016,101071,98684,98878,101614
    HDB 5-Room And Executive Flats,84319,83734,84210,83426,79844,76090,74304,70994,69832,71925
  Condominiums & Other Apartments,33961,33127,32353,30134,26765,24241,22606,20438,19695,20179
  Landed Properties,18896,19092,19460,19711,19014,18033,17644,16145,15313,15273
  Other Types Of Dwelling,1219,1228,1270,1373,1494,1677,1734,1751,1907,2016
30-34 Years,297798,293446,281397,279340,285544,290619,292287,296870,295396,297555
  Total HDB Dwellings,242736,239934,231391,231766,239090,245125,248551,253094,252074,253474
    HDB 1- And 2-Room Flats,7659,7383,7393,7448,7539,7450,7201,6841,6009,5345
    HDB 3-Room Flats,38703,38725,38329,39536,41834,44011,45975,47335,48882,50770
    HDB 4-Room Flats,118796,117831,113842,113732,116767,117891,117276,117201,114430,112331
    HDB 5-Room And Executive Flats,77578,75995,71827,71050,72790,75607,77864,81338,82284,84543
  Condominiums & Other Apartments,39079,38005,35412,33357,31824,30522,28575,28193,27818,28321
  Landed Properties,14538,14057,13114,12657,12846,13027,13047,13255,13058,13337
  Other Types Of Dwelling,1445,1450,1480,1560,1784,1945,2114,2328,2446,2423
35-39 Years,299515,300818,303720,300956,301998,301067,302029,305503,313970,316161
  Total HDB Dwellings,231776,233930,237856,238954,242354,243732,246019,249264,256374,258711
    HDB 1- And 2-Room Flats,7021,6912,6972,6871,6611,6605,6462,6143,6051,5949
    HDB 3-Room Flats,39078,40218,41872,42834,44590,45676,46593,47669,49855,50920
    HDB 4-Room Flats,112125,112502,112727,111688,110901,109281,108319,107336,107657,106669
    HDB 5-Room And Executive Flats,73552,74298,76285,77561,80109,81997,84436,87728,92365,94723
  Condominiums & Other Apartments,54289,53325,51866,47625,44437,41713,39609,39364,39944,39674
  Landed Properties,11918,11981,12295,12470,13106,13403,13986,14268,14962,15056
  Other Types Of Dwelling,1532,1582,1703,1907,2101,2219,2415,2607,2690,2720
40-44 Years,299291,300763,303640,311484,313445,316755,316023,312581,308823,306614
  Total HDB Dwellings,221288,223336,227509,236674,242006,247442,249370,248245,246762,246738
    HDB 1- And 2-Room Flats,8475,8323,7850,7844,8279,8438,8318,8122,7590,7236
    HDB 3-Room Flats,40405,41371,42940,45184,46488,47569,47908,47742,48223,49021
    HDB 4-Room Flats,98401,97774,98125,100152,100561,101498,101422,100529,99634,99434
    HDB 5-Room And Executive Flats,74007,75868,78594,83494,86492,89739,91491,91484,90894,90595
  Condominiums & Other Apartments,62176,61030,59246,57014,52909,49869,46676,44415,42476,40626
  Landed Properties,14163,14609,14932,15728,16318,17030,17517,17395,17095,16777
  Other Types Of Dwelling,1664,1788,1953,2068,2212,2414,2460,2526,2490,2473
45-49 Years,311740,311682,307838,303457,301183,303413,308533,316336,320925,323991
  Total HDB Dwellings,228505,230541,230679,231443,234198,240023,246846,254959,260192,263727
    HDB 1- And 2-Room Flats,10476,10231,10041,10005,10276,10755,10806,10613,9898,9342
    HDB 3-Room Flats,43905,44340,44529,44807,45752,47143,49275,51467,53410,54918
    HDB 4-Room Flats,92941,93144,93033,93156,94082,96829,99893,103575,106167,107861
    HDB 5-Room And Executive Flats,81183,82826,83076,83475,83922,85118,86635,88847,90127,90941
  Condominiums & Other Apartments,63531,61194,57420,52171,47109,43368,40863,39668,38484,37578
  Landed Properties,17808,18071,17831,17793,17663,17786,18434,19013,19460,19973
  Other Types Of Dwelling,1896,1876,1908,2050,2213,2236,2390,2696,2789,2713
50-54 Years,296068,301682,308965,312814,315598,315091,315503,312988,310376,308130
  Total HDB Dwellings,227285,234631,242985,248778,253729,255201,256890,256259,255239,253979
    HDB 1- And 2-Room Flats,12518,12871,12968,12993,13097,12896,12585,12176,11526,10941
    HDB 3-Room Flats,44482,46407,48531,50108,51622,52255,53116,53225,53671,54483
    HDB 4-Room Flats,91226,94498,98342,101111,103107,103721,104422,103995,103494,103143
    HDB 5-Room And Executive Flats,79059,80855,83144,84566,85688,86096,86470,86208,85709,84560
  Condominiums & Other Apartments,49225,47021,45106,42581,39624,37050,35013,32837,31231,29979
  Landed Properties,17624,17997,18653,19132,19754,20210,20888,21145,21251,21586
  Other Types Of Dwelling,1934,2033,2221,2323,2491,2630,2712,2747,2655,2586
55-59 Years,305830,306759,304390,301678,299591,295063,288392,281069,271817,260678
  Total HDB Dwellings,245288,247491,246817,246038,245893,243163,238087,232703,225488,216258
    HDB 1- And 2-Room Flats,15257,15275,15200,14965,14734,14367,13183,12233,11230,10389
    HDB 3-Room Flats,49802,50296,50323,50563,51321,51412,50994,50882,50649,49841
    HDB 4-Room Flats,99327,100231,99937,99553,99454,98349,96988,95096,92384,88288
    HDB 5-Room And Executive Flats,80902,81689,81357,80957,80158,78799,76605,73820,70470,67000
  Condominiums & Other Apartments,38676,37022,35127,32900,30517,28583,26805,25123,23473,22215
  Landed Properties,19388,19719,19936,20222,20642,20815,20967,20669,20350,19760
  Other Types Of Dwelling,2478,2527,2510,2518,2539,2502,2533,2574,2506,2445
60-64 Years,284626,278828,271688,262651,251853,240493,231502,222154,213996,208160
  Total HDB Dwellings,233428,229076,223221,216223,208022,198879,191479,183838,177048,171949
    HDB 1- And 2-Room Flats,17485,16892,16467,15605,14682,13579,12274,11258,10566,10132
    HDB 3-Room Flats,48240,47658,47399,46618,45833,44863,44528,44102,44142,44639
    HDB 4-Room Flats,93468,92300,89921,87650,83959,80212,76872,73357,69882,67344
    HDB 5-Room And Executive Flats,74235,72226,69434,66350,63316,59993,57488,54558,51764,49153
  Condominiums & Other Apartments,28871,27444,26336,24474,22506,20786,19388,17974,17016,16208
  Landed Properties,19573,19623,19466,19315,18733,18313,18130,17841,17580,17556
  Other Types Of Dwelling,2754,2685,2665,2639,2592,2515,2505,2501,2352,2447
65-69 Years,229396,221296,212101,203969,198020,182425,161198,145817,128879,112396
  Total HDB Dwellings,188645,181847,173904,166911,162333,149609,132053,119928,106322,92727
    HDB 1- And 2-Room Flats,16448,15680,14855,13963,13182,12029,9991,8922,7812,6866
    HDB 3-Room Flats,41986,41384,40493,40076,40443,38220,34948,32647,29976,26807
    HDB 4-Room Flats,74732,71624,68151,64843,62612,57367,50428,45325,39957,34502
    HDB 5-Room And Executive Flats,55479,53159,50405,48029,45863,41764,36424,32616,28147,24188
  Condominiums & Other Apartments,20783,19671,18789,18007,16736,15103,13213,11333,9527,8089
  Landed Properties,17033,16892,16606,16439,16342,15292,13729,12513,11218,9888
  Other Types Of Dwelling,2935,2886,2802,2612,2609,2421,2203,2043,1812,1692
70-74 Years,170008,150127,135546,119494,103796,102631,106815,105746,104414,100073
  Total HDB Dwellings,137939,121738,109823,96995,84462,84178,87994,87588,86768,83082
    HDB 1- And 2-Room Flats,13389,11608,10435,9061,7774,7620,7858,7819,7804,7427
    HDB 3-Room Flats,34498,31302,29048,26170,23169,23651,25391,26005,26361,25898
    HDB 4-Room Flats,52127,45727,41009,36278,31278,31086,32357,31852,31289,29648
    HDB 5-Room And Executive Flats,37925,33101,29331,25486,22095,21671,22224,21695,21065,19860
  Condominiums & Other Apartments,15054,13305,11883,10080,8228,7614,7491,7166,6734,6365
  Landed Properties,14054,12501,11473,10376,9217,8872,9180,8897,8842,8570
  Other Types Of Dwelling,2961,2583,2367,2043,1889,1967,2150,2095,2070,2056
75-79 Years,90990,94600,93327,91953,87955,81211,76294,70619,67675,66909
  Total HDB Dwellings,73394,76526,75648,74697,71583,66019,62050,57446,55218,54675
    HDB 1- And 2-Room Flats,7377,7791,7665,7619,7205,6664,6113,5777,5540,5494
    HDB 3-Room Flats,20234,21606,21850,21805,21281,19760,18562,17148,16629,16466
    HDB 4-Room Flats,26905,27926,27409,26897,25498,23323,21987,20419,19681,19696
    HDB 5-Room And Executive Flats,18878,19203,18724,18376,17487,16174,15291,13978,13244,12919
  Condominiums & Other Apartments,7268,7311,7128,6823,6199,5664,5082,4491,4118,3850
  Landed Properties,7927,8169,7892,7917,7736,7367,7068,6711,6434,6396
  Other Types Of Dwelling,2401,2594,2659,2516,2437,2161,2094,1971,1905,1988
80-84 Years,66513,62293,57103,54341,53556,51785,48418,46199,44115,42145
  Total HDB Dwellings,52601,49238,45012,43021,42687,41364,38433,36452,34738,33086
    HDB 1- And 2-Room Flats,5598,5209,4828,4559,4500,4385,4006,3825,3577,3396
    HDB 3-Room Flats,15381,14414,13148,12554,12322,11826,10972,10240,9808,9382
    HDB 4-Room Flats,18664,17442,16036,15400,15424,15055,13999,13342,12660,12034
    HDB 5-Room And Executive Flats,12958,12173,11000,10508,10393,10058,9406,8983,8616,8191
  Condominiums & Other Apartments,4971,4553,4069,3761,3395,3151,2860,2705,2552,2497
  Landed Properties,6255,5925,5621,5411,5318,5216,5099,5005,4814,4524
  Other Types Of Dwelling,2686,2577,2401,2148,2156,2054,2026,2037,2011,2038
85-89 Years,36586,33935,31991,30481,29086,27494,25486,23235,21503,19756
  Total HDB Dwellings,27997,25905,24217,23120,22030,20791,19121,17480,16192,14816
    HDB 1- And 2-Room Flats,2928,2690,2541,2440,2261,2131,1963,1794,1645,1517
    HDB 3-Room Flats,7946,7271,6676,6331,6012,5614,5132,4657,4380,4045
    HDB 4-Room Flats,10266,9572,9003,8515,8098,7643,7054,6436,5970,5361
    HDB 5-Room And Executive Flats,6857,6372,5997,5834,5633,5380,4947,4549,4150,3846
  Condominiums & Other Apartments,2425,2215,2150,1986,1865,1693,1562,1379,1266,1132
  Landed Properties,3854,3735,3605,3465,3274,3060,2834,2566,2348,2188
  Other Types Of Dwelling,2310,2080,2019,1910,1917,1950,1969,1810,1697,1620
90 Years & Over,20875,19429,17786,16454,15157,14169,13390,12821,12050,11366
  Total HDB Dwellings,14636,13540,12414,11462,10404,9732,9138,8748,8158,7568
    HDB 1- And 2-Room Flats,1655,1569,1449,1345,1236,1140,1076,1038,980,868
    HDB 3-Room Flats,3890,3570,3262,3041,2765,2592,2397,2337,2177,2043
    HDB 4-Room Flats,5346,4898,4463,4140,3719,3468,3246,3070,2846,2645
    HDB 5-Room And Executive Flats,3745,3503,3240,2936,2666,2515,2395,2273,2124,1986
  Condominiums & Other Apartments,1255,1187,1094,1037,908,818,752,709,673,639
  Landed Properties,2453,2271,2080,1916,1798,1686,1592,1517,1458,1387
  Other Types Of Dwelling,2531,2431,2198,2039,2047,1933,1908,1847,1761,1772
